ticker,ann_return,ann_volatility,sharpe,max_drawdown,drawdown_peak,drawdown_trough,beta_vs_spy,alpha_vs_spy,total_return
AAPL,31.67,25.81,1.04,-33.36,2024-12-26,2025-04-08,1.08,8.43,177.57
MSFT,23.98,26.36,0.8,-34.5,2025-10-28,2026-06-25,1.02,3.26,122.0
NVDA,110.32,48.14,1.7,-36.88,2025-01-06,2025-04-04,2.06,58.19,1477.52
AMZN,33.35,32.61,0.92,-30.88,2025-02-04,2025-04-21,1.42,5.47,190.92
ASML,37.7,41.47,0.89,-45.48,2024-07-10,2025-04-08,1.73,6.66,227.7
SAP,22.78,29.57,0.71,-52.26,2025-07-09,2026-07-23,0.87,5.88,114.11
JPM,31.63,22.99,1.14,-24.42,2025-02-18,2025-04-04,0.88,11.51,177.25
SHEL,20.26,21.4,0.79,-18.47,2025-03-27,2025-04-08,0.42,9.94,98.31
NVO,-11.86,41.25,-0.19,-74.7,2024-06-25,2026-03-27,0.75,-18.94,-37.41
SPY,22.5,14.95,1.17,-18.76,2025-02-19,2025-04-08,,,112.36
Equal weight,34.73,19.3,1.44,-22.13,2024-07-10,2025-04-08,1.14,8.42,201.86
Equal weight ex-NVDA,26.64,17.67,1.2,-21.48,2024-07-10,2025-04-08,1.02,3.69,139.96
